﻿<?xml version="1.0" encoding="UTF-8" standalone="yes"?>
<addon id="repository.olejl77.addons" name="My XBMC Addons" version="1.0.0" provider-name="olejl77@gmail.com">
	<extension point="xbmc.addon.repository" name="My XBMC Addon Repository">
		<info compressed="false">http://github.com/olejl77/olejl77-XBMC-addons/raw/master/addons.xml</info>
		<checksum>http://github.com/olejl77/olejl77-XBMC-addons/raw/master/addons.xml.md5</checksum>
		<datadir zip="false">http://github.com/olejl77/olejl77-XBMC-addons/raw/master/</datadir>
	</extension>
	<extension point="xbmc.addon.metadata">
		<summary>Install My Addons</summary>
		<description>Download and install my addons</description>
		<disclaimer>Test</disclaimer>
		<platform>all</platform>
	</extension>
</addon>

